"vendor","title","sourceUrl","selectedImageUrl","originalFile","normalizedFile"
"california-house","Atherton Pool Table | California House","https://californiahouse.com/product/atherton-pool-table/","https://californiahouse.com/wp-content/uploads/2017/04/AthertonCoastalGlazedGraphite.jpg","california-house/originals/atherton-pool-table.jpg","california-house/normalized-1600x1000/atherton-pool-table.png"
"california-house","Austin Pool Table | California House","https://californiahouse.com/product/austin-pool-table/","https://californiahouse.com/wp-content/uploads/2017/04/AustinAuburnKhaki.jpg","california-house/originals/austin-pool-table.jpg","california-house/normalized-1600x1000/austin-pool-table.png"
"california-house","Basecamp Pool Table | California House","https://californiahouse.com/product/basecamp-pool-table/","https://californiahouse.com/wp-content/uploads/2026/03/basecamp.jpg","california-house/originals/basecamp-pool-table.jpg","california-house/normalized-1600x1000/basecamp-pool-table.png"
"california-house","City Pool Table | California House","https://californiahouse.com/product/city-pool-table/","https://californiahouse.com/wp-content/uploads/2017/04/CityHoneyTitanium.jpg","california-house/originals/city-pool-table.jpg","california-house/normalized-1600x1000/city-pool-table.png"
"california-house","Cypress Pool Table | California House","https://californiahouse.com/product/cypress-pool-table/","https://californiahouse.com/wp-content/uploads/2023/05/CypressJavaCharcoal3.jpg","california-house/originals/cypress-pool-table.jpg","california-house/normalized-1600x1000/cypress-pool-table.png"
"california-house","District Pool Table | California House","https://californiahouse.com/product/district-pool-table/","https://californiahouse.com/wp-content/uploads/2019/07/District-Rustic-White-Oak.jpg","california-house/originals/district-pool-table.jpg","california-house/normalized-1600x1000/district-pool-table.png"
"california-house","Highland Pool Table | California House","https://californiahouse.com/product/highland-pool-table-copy/","https://californiahouse.com/wp-content/uploads/2024/04/Highland.jpg","california-house/originals/highland-pool-table.jpg","california-house/normalized-1600x1000/highland-pool-table.png"
"california-house","Menlo Pool Table | California House","https://californiahouse.com/product/menlo-pool-table/","https://californiahouse.com/wp-content/uploads/2021/02/MenloToastNavy.jpg","california-house/originals/menlo-pool-table.jpg","california-house/normalized-1600x1000/menlo-pool-table.png"
"california-house","Origami Pool Table | California House","https://californiahouse.com/product/origami-pool-table/","https://californiahouse.com/wp-content/uploads/2022/03/OrigamiHoneySteelGrey.jpg","california-house/originals/origami-pool-table.jpg","california-house/normalized-1600x1000/origami-pool-table.png"
"california-house","Rincon Pool Table | California House","https://californiahouse.com/product/rincon-pool-table/","https://californiahouse.com/wp-content/uploads/2025/04/Rincon-Pool-Table.jpg","california-house/originals/rincon-pool-table.jpg","california-house/normalized-1600x1000/rincon-pool-table.png"
"california-house","Sutter Pool Table | California House","https://californiahouse.com/product/sutter-pool-table/","https://californiahouse.com/wp-content/uploads/2024/04/Sutter.jpg","california-house/originals/sutter-pool-table.jpg","california-house/normalized-1600x1000/sutter-pool-table.png"
"california-house","Tahoe Pool Table | California House","https://californiahouse.com/product/tahoe-pool-table/","https://californiahouse.com/wp-content/uploads/2022/06/TahoeCoastalGlazedSteelGrey2.jpg","california-house/originals/tahoe-pool-table.jpg","california-house/normalized-1600x1000/tahoe-pool-table.png"
"california-house","Vista Pool Table | California House","https://californiahouse.com/product/vista-pool-table/","https://californiahouse.com/wp-content/uploads/2022/03/VistaAuburnKhaki2.jpg","california-house/originals/vista-pool-table.jpg","california-house/normalized-1600x1000/vista-pool-table.png"
"california-house","Windansea Pool Table | California House","https://californiahouse.com/product/windansea-pool-table/","https://californiahouse.com/wp-content/uploads/2025/03/Windansea-Pool.jpg","california-house/originals/windansea-pool-table.jpg","california-house/normalized-1600x1000/windansea-pool-table.png"
"olhausen","Americana","https://www.olhausenbilliards.com/shop?productId=cm87qstwa00wjpgzke0rh4mpg","https://qe52kfslzzi6sqpd.public.blob.vercel-storage.com/americana_pooltable-vOp0SzCXfIxYv7ZanudhMb4FpmFC8d.png","olhausen/originals/americana.png","olhausen/normalized-1600x1000/americana.png"
"olhausen","Augusta","https://www.olhausenbilliards.com/shop?productId=cm87qt08z00x4pgzk2v3c2gsx","https://qe52kfslzzi6sqpd.public.blob.vercel-storage.com/augusta_pooltable-f1DE52rSM9DDkKBEpDxjj2wxKAai0P.png","olhausen/originals/augusta.png","olhausen/normalized-1600x1000/augusta.png"
"olhausen","Belmont","https://www.olhausenbilliards.com/shop?productId=cm87qtbvv00yhpgzkhp0x2vzd","https://qe52kfslzzi6sqpd.public.blob.vercel-storage.com/belmont_redo_pooltable-Jnr861gKC9OFJhaivCWqafE1TqRCyH.png","olhausen/originals/belmont.png","olhausen/normalized-1600x1000/belmont.png"
"olhausen","Blackhawk","https://www.olhausenbilliards.com/shop?productId=cm87qtg9m00z1pgzkpu3icshm","https://qe52kfslzzi6sqpd.public.blob.vercel-storage.com/blackhawk_new-apron_pooltable-GrKiVhcB3rQSyGasMpggaNj05zkorY.png","olhausen/originals/blackhawk.png","olhausen/normalized-1600x1000/blackhawk.png"
"olhausen","Breckenridge","https://www.olhausenbilliards.com/shop?productId=cm87qqgdz00nspgzk1ou3jwge","https://qe52kfslzzi6sqpd.public.blob.vercel-storage.com/breckenridge_pooltable-QswwVYrI6l7JQi0LxPbyghnOMETbeI.png","olhausen/originals/breckenridge.png","olhausen/normalized-1600x1000/breckenridge.png"
"olhausen","Brentwood","https://www.olhausenbilliards.com/shop?productId=cm87qtpyn0107pgzk27twbndz","https://qe52kfslzzi6sqpd.public.blob.vercel-storage.com/brentwood_pooltable-hW4FW6EVzKnEbpgn6t78qwmZ4SeIKl.png","olhausen/originals/brentwood.png","olhausen/normalized-1600x1000/brentwood.png"
"olhausen","Chicago","https://www.olhausenbilliards.com/shop?productId=cm87qu14v011gpgzkth5d9o1e","https://qe52kfslzzi6sqpd.public.blob.vercel-storage.com/chicago_pooltable-lG1NCgXzmeEpWsJzC1SuKhL5xT5aDz.png","olhausen/originals/chicago.png","olhausen/normalized-1600x1000/chicago.png"
"olhausen","Classic","https://www.olhausenbilliards.com/shop?productId=cm87quc3b012spgzkrx5f50um","https://qe52kfslzzi6sqpd.public.blob.vercel-storage.com/classic_new%20apron_pooltable-h6IzZxcv8ylQmPZ0jcMpvIVH0waSxC.png","olhausen/originals/classic.png","olhausen/normalized-1600x1000/classic.png"
"olhausen","Durango","https://www.olhausenbilliards.com/shop?productId=cm87qql5u00o3pgzk98hawngl","https://qe52kfslzzi6sqpd.public.blob.vercel-storage.com/Durango_Breck_PT-m28Ff4EfuD8UPPpQyxbmzouUeYN086.png","olhausen/originals/durango.png","olhausen/normalized-1600x1000/durango.png"
"olhausen","Encore","https://www.olhausenbilliards.com/shop?productId=cmekfta5f0001lb04r08h467v","https://qe52kfslzzi6sqpd.public.blob.vercel-storage.com/The%20Encore_trans%20copy%202-jG9XyONMJvugbdWnq3XTH8ZwgF6X3n.jpg","olhausen/originals/encore.jpg","olhausen/normalized-1600x1000/encore.png"
"olhausen","Hampton","https://www.olhausenbilliards.com/shop?productId=cm87qv92e013rpgzk7g8stfzq","https://qe52kfslzzi6sqpd.public.blob.vercel-storage.com/hampton_pooltable-T8qydaDRXdXD9ZKuiE53cFj5Lwwb5u.png","olhausen/originals/hampton.png","olhausen/normalized-1600x1000/hampton.png"
"olhausen","Heritage","https://www.olhausenbilliards.com/shop?productId=cm87qjvt4004bpgzk6hw27j2o","https://qe52kfslzzi6sqpd.public.blob.vercel-storage.com/heritage_pooltable-KBnBKjXpOE3LHJrK2Pg9DGhNdvLonQ.png","olhausen/originals/heritage.png","olhausen/normalized-1600x1000/heritage.png"
"olhausen","Laguna","https://www.olhausenbilliards.com/shop?productId=cm87qkabp005npgzkg06dfjd1","https://qe52kfslzzi6sqpd.public.blob.vercel-storage.com/laguna_pooltable-mctcYIDa3bZzqpg1yjxyLxVBArlpOw.png","olhausen/originals/laguna.png","olhausen/normalized-1600x1000/laguna.png"
"olhausen","Luxor","https://www.olhausenbilliards.com/shop?productId=cm87ql5er0087pgzki17030zs","https://qe52kfslzzi6sqpd.public.blob.vercel-storage.com/luxor_pooltable-pNNVIFkZjhZwuwiUsGgGEVfvCoyPLK.png","olhausen/originals/luxor.png","olhausen/normalized-1600x1000/luxor.png"
"olhausen","Madison","https://www.olhausenbilliards.com/shop?productId=cm87qlmo5009gpgzkmktrq2tc","https://qe52kfslzzi6sqpd.public.blob.vercel-storage.com/madison_pooltable-iAS0dCDKjfOr4IU4CfffaQiuD8ydNT.png","olhausen/originals/madison.png","olhausen/normalized-1600x1000/madison.png"
"olhausen","Metro","https://www.olhausenbilliards.com/shop?productId=cm87qxgcb018lpgzkyp8qu3jp","https://qe52kfslzzi6sqpd.public.blob.vercel-storage.com/Metro_Matte%20Coral%20Ash-RrQlhl0HR51xomOzzZaShTNjfmHwH5.png","olhausen/originals/metro.png","olhausen/normalized-1600x1000/metro.png"
"olhausen","Monarch","https://www.olhausenbilliards.com/shop?productId=cm87qn6ep00dqpgzk5yf7geql","https://qe52kfslzzi6sqpd.public.blob.vercel-storage.com/monarch_pooltable-bvq5q5YQnfIhk2OkgZtE0xIDCkHAED.png","olhausen/originals/monarch.png","olhausen/normalized-1600x1000/monarch.png"
"olhausen","Oceanside","https://www.olhausenbilliards.com/shop?productId=cmbqvvqh40001js04bbl3kvnj","https://qe52kfslzzi6sqpd.public.blob.vercel-storage.com/oceanside.png","olhausen/originals/oceanside.png","olhausen/normalized-1600x1000/oceanside.png"
"olhausen","Palazzo","https://www.olhausenbilliards.com/shop?productId=cmcwg9yyk0006jp04hi3boyk4","https://qe52kfslzzi6sqpd.public.blob.vercel-storage.com/Palazzo_angle%20new-Ri1zZJDnBAycYLxGmE3PJlRJpxURfj.png","olhausen/originals/palazzo.png","olhausen/normalized-1600x1000/palazzo.png"
"olhausen","Railyard","https://www.olhausenbilliards.com/shop?productId=cm87qqs8000oqpgzkmkzj1e4l","https://qe52kfslzzi6sqpd.public.blob.vercel-storage.com/railyard_pooltable-F7TxxmPxV07AUmLfbi4YeRe93AsH0f.png","olhausen/originals/railyard.png","olhausen/normalized-1600x1000/railyard.png"
"olhausen","Regent","https://www.olhausenbilliards.com/shop?productId=cm87qo1ub00gfpgzkjht4cvd8","https://qe52kfslzzi6sqpd.public.blob.vercel-storage.com/Regent_Pool%20Table_Colardo%20Atlas%20Finish_trans-72UDPT52347AxyBT8S06UGJrFBjxA7.png","olhausen/originals/regent.png","olhausen/normalized-1600x1000/regent.png"
"olhausen","Remington","https://www.olhausenbilliards.com/shop?productId=cm87qxw23019wpgzkzomwiofn","https://qe52kfslzzi6sqpd.public.blob.vercel-storage.com/remington_pooltable-juxzDypulzyoMerPKMliatDjytfOv6.png","olhausen/originals/remington.png","olhausen/normalized-1600x1000/remington.png"
"olhausen","Reno","https://www.olhausenbilliards.com/shop?productId=cm87qyb0j01b8pgzkgttmfzq7","https://qe52kfslzzi6sqpd.public.blob.vercel-storage.com/reno_tm_veneer_pooltable-tUw55hiJeLghQg0MVgz8pNavWpBhZx.png","olhausen/originals/reno.png","olhausen/normalized-1600x1000/reno.png"
"olhausen","Riviera","https://www.olhausenbilliards.com/shop?productId=cmcwgvb1u000cjp047kbdxcrv","https://qe52kfslzzi6sqpd.public.blob.vercel-storage.com/Riviera_angle-kQtUk3gMvfN5nHDHLH8V9T0QpR4LsH.png","olhausen/originals/riviera.png","olhausen/normalized-1600x1000/riviera.png"
"olhausen","Santa Ana","https://www.olhausenbilliards.com/shop?productId=cm87qyr4u01cfpgzkf9qxem8j","https://qe52kfslzzi6sqpd.public.blob.vercel-storage.com/santa%20ana_pooltable-8aovauSkPnWTcVlpfbnLXHxTnswq0b.png","olhausen/originals/santa-ana.png","olhausen/normalized-1600x1000/santa-ana.png"
"olhausen","Seville","https://www.olhausenbilliards.com/shop?productId=cm87qr9j600qapgzk7fuljmep","https://qe52kfslzzi6sqpd.public.blob.vercel-storage.com/seville_pooltable-FSKpElKuBMS7HZ10jKiyZkSbzOHDSS.png","olhausen/originals/seville.png","olhausen/normalized-1600x1000/seville.png"
"olhausen","Sheraton","https://www.olhausenbilliards.com/shop?productId=cm87qz6g301drpgzkhf42ayum","https://qe52kfslzzi6sqpd.public.blob.vercel-storage.com/Sheraton_Tulipe_MBL-LN1PFnMkvuWzqvOaOOWPYQCjQ9AGHl.png","olhausen/originals/sheraton.png","olhausen/normalized-1600x1000/sheraton.png"
"olhausen","Sheraton Laminate","https://www.olhausenbilliards.com/shop?productId=cm87qzhzy01eopgzkcv0f19x4","https://qe52kfslzzi6sqpd.public.blob.vercel-storage.com/sheraton_laminate_pooltable-9g2aK5WxJrwEAcMQwfW0oh1qNOkxmt.png","olhausen/originals/sheraton-laminate.png","olhausen/normalized-1600x1000/sheraton-laminate.png"
"olhausen","Southern","https://www.olhausenbilliards.com/shop?productId=cm87qzleb01evpgzk45r2wlyt","https://qe52kfslzzi6sqpd.public.blob.vercel-storage.com/southern_new%20apron_pooltable-3Zjd5aa0FyLJUsg36RFyR1QuJjOpCN.png","olhausen/originals/southern.png","olhausen/normalized-1600x1000/southern.png"
"olhausen","St. Andrews","https://www.olhausenbilliards.com/shop?productId=cm87qrj0d00rfpgzktfs8a56o","https://qe52kfslzzi6sqpd.public.blob.vercel-storage.com/St%20Andrews_pooltable-7WAoxQ4lEDacPAzYii6N2HZynTTJHj.png","olhausen/originals/st-andrews.png","olhausen/normalized-1600x1000/st-andrews.png"
"olhausen","St. George","https://www.olhausenbilliards.com/shop?productId=cm87qrted00slpgzkw6vjqxzu","https://qe52kfslzzi6sqpd.public.blob.vercel-storage.com/st%20george_pooltable-dRCgAE0FTaTWYwvAtT3zzsDUQh0Y0V.png","olhausen/originals/st-george.png","olhausen/normalized-1600x1000/st-george.png"
"olhausen","St. Leone","https://www.olhausenbilliards.com/shop?productId=cm87qs3r300trpgzk915kthns","https://qe52kfslzzi6sqpd.public.blob.vercel-storage.com/st%20leone_pooltable-3Rs4T2W2QBnIdowTNf8wFgx1wVxzhP.png","olhausen/originals/st-leone.png","olhausen/normalized-1600x1000/st-leone.png"
"olhausen","Timber Ridge","https://www.olhausenbilliards.com/shop?productId=cm87qqwin00p1pgzkp51tq49z","https://qe52kfslzzi6sqpd.public.blob.vercel-storage.com/timber%20ridge_pooltable-exTR5PE2q2555yb9MjMM6v8VeidBkh.png","olhausen/originals/timber-ridge.png","olhausen/normalized-1600x1000/timber-ridge.png"
"olhausen","Townhouse","https://www.olhausenbilliards.com/shop?productId=cm87qonga00i6pgzkiwg5wxe3","https://qe52kfslzzi6sqpd.public.blob.vercel-storage.com/0618-Townhouse-e1718729358179-1536x858-iOQMXGO5YHxn3dcBUcMlODNG8V5a0s.png","olhausen/originals/townhouse.png","olhausen/normalized-1600x1000/townhouse.png"
"olhausen","Tustin","https://www.olhausenbilliards.com/shop?productId=cm87qr0bm00papgzkvaysj607","https://qe52kfslzzi6sqpd.public.blob.vercel-storage.com/Tustin_pooltable-Q6xxwMNVqgw6MFp9AvTdpwjdRUR5z9.png","olhausen/originals/tustin.png","olhausen/normalized-1600x1000/tustin.png"
"olhausen","Venetian","https://www.olhausenbilliards.com/shop?productId=cm87qsdwy00uwpgzkqv796sx0","https://qe52kfslzzi6sqpd.public.blob.vercel-storage.com/venetian_mbl_pooltable-wp6BGuNGZwnzK7p0o9jcrtyNy2P4ZX.png","olhausen/originals/venetian.png","olhausen/normalized-1600x1000/venetian.png"
"olhausen","Waterfall","https://www.olhausenbilliards.com/shop?productId=cm87qos4g00ihpgzk97ra7c9m","https://qe52kfslzzi6sqpd.public.blob.vercel-storage.com/waterfall_pooltable-fvLSb7tH5SSfBP1yhLhxuO5F1I0RGt.png","olhausen/originals/waterfall.png","olhausen/normalized-1600x1000/waterfall.png"
"olhausen","West End","https://www.olhausenbilliards.com/shop?productId=cm87qpdov00k6pgzkqpvqij8z","https://qe52kfslzzi6sqpd.public.blob.vercel-storage.com/west%20end_pooltable-5uSvkPuRJDxgfWpXCJKLJvf8Nj69kJ.png","olhausen/originals/west-end.png","olhausen/normalized-1600x1000/west-end.png"
"olhausen","York","https://www.olhausenbilliards.com/shop?productId=cm87qpt5z00llpgzk2voxtbh7","https://qe52kfslzzi6sqpd.public.blob.vercel-storage.com/york_pooltable-BBzmd7KLXm1jBfCrbisRgoyt7JGGaf.png","olhausen/originals/york.png","olhausen/normalized-1600x1000/york.png"
"olhausen","Youngstown","https://www.olhausenbilliards.com/shop?productId=cm87qr5wo00pypgzky12cbwyy","https://qe52kfslzzi6sqpd.public.blob.vercel-storage.com/youngstown_pooltable-oySsYiLrvCB0HNpGQ73W7NCBZu13EZ.png","olhausen/originals/youngstown.png","olhausen/normalized-1600x1000/youngstown.png"
"canada-billiard","Aristocrat","https://fgbradleys.com/canada-billiard/#aristocrat","https://fgbradleys.com/wp-content/uploads/Aristocrat_XLthumbnail.jpg","canada-billiard/originals/aristocrat.jpg","canada-billiard/normalized-1600x1000/aristocrat.png"
"canada-billiard","banff","https://fgbradleys.com/canada-billiard/#banff","https://fgbradleys.com/wp-content/uploads/banff_XLthumbnail.jpg","canada-billiard/originals/banff.jpg","canada-billiard/normalized-1600x1000/banff.png"
"canada-billiard","Barn","https://fgbradleys.com/canada-billiard/#barn","https://fgbradleys.com/wp-content/uploads/Barn_XLthumbnail.jpg","canada-billiard/originals/barn.jpg","canada-billiard/normalized-1600x1000/barn.png"
"canada-billiard","Black Crown","https://fgbradleys.com/canada-billiard/#black-crown","https://fgbradleys.com/wp-content/uploads/BlackCrown_XLthumbnail.jpg","canada-billiard/originals/black-crown.jpg","canada-billiard/normalized-1600x1000/black-crown.png"
"canada-billiard","Boulevard","https://fgbradleys.com/canada-billiard/#boulevard","https://fgbradleys.com/wp-content/uploads/Boulevard_XLthumbnail.jpg","canada-billiard/originals/boulevard.jpg","canada-billiard/normalized-1600x1000/boulevard.png"
"canada-billiard","Bridge","https://fgbradleys.com/canada-billiard/#bridge","https://fgbradleys.com/wp-content/uploads/Bridge_XLthumbnail.jpg","canada-billiard/originals/bridge.jpg","canada-billiard/normalized-1600x1000/bridge.png"
"canada-billiard","Canadiana","https://fgbradleys.com/canada-billiard/#canadiana","https://fgbradleys.com/wp-content/uploads/Canadiana_XLthumbnail.jpg","canada-billiard/originals/canadiana.jpg","canada-billiard/normalized-1600x1000/canadiana.png"
"canada-billiard","Canyon","https://fgbradleys.com/canada-billiard/#canyon","https://fgbradleys.com/wp-content/uploads/Canyon_XLthumbnail.jpg","canada-billiard/originals/canyon.jpg","canada-billiard/normalized-1600x1000/canyon.png"
"canada-billiard","cloud","https://fgbradleys.com/canada-billiard/#cloud","https://fgbradleys.com/wp-content/uploads/cloud_XLthumbnail.jpg","canada-billiard/originals/cloud.jpg","canada-billiard/normalized-1600x1000/cloud.png"
"canada-billiard","colonial","https://fgbradleys.com/canada-billiard/#colonial","https://fgbradleys.com/wp-content/uploads/colonial_XLthumbnail.jpg","canada-billiard/originals/colonial.jpg","canada-billiard/normalized-1600x1000/colonial.png"
"canada-billiard","divine","https://fgbradleys.com/canada-billiard/#divine","https://fgbradleys.com/wp-content/uploads/divine_XLthumbnail.jpg","canada-billiard/originals/divine.jpg","canada-billiard/normalized-1600x1000/divine.png"
"canada-billiard","dream","https://fgbradleys.com/canada-billiard/#dream","https://fgbradleys.com/wp-content/uploads/dream_XLthumbnail.jpg","canada-billiard/originals/dream.jpg","canada-billiard/normalized-1600x1000/dream.png"
"canada-billiard","Duchess","https://fgbradleys.com/canada-billiard/#duchess","https://fgbradleys.com/wp-content/uploads/Duchess_XLthumbnail.jpg","canada-billiard/originals/duchess.jpg","canada-billiard/normalized-1600x1000/duchess.png"
"canada-billiard","Elegance","https://fgbradleys.com/canada-billiard/#elegance","https://fgbradleys.com/wp-content/uploads/Elegance_XLthumbnail.jpg","canada-billiard/originals/elegance.jpg","canada-billiard/normalized-1600x1000/elegance.png"
"canada-billiard","euro","https://fgbradleys.com/canada-billiard/#euro","https://fgbradleys.com/wp-content/uploads/euro_XLthumbnail.jpg","canada-billiard/originals/euro.jpg","canada-billiard/normalized-1600x1000/euro.png"
"canada-billiard","Evolution","https://fgbradleys.com/canada-billiard/#evolution","https://fgbradleys.com/wp-content/uploads/Evolution_XLthumbnail.jpg","canada-billiard/originals/evolution.jpg","canada-billiard/normalized-1600x1000/evolution.png"
"canada-billiard","heritage","https://fgbradleys.com/canada-billiard/#heritage","https://fgbradleys.com/wp-content/uploads/heritage_XLthumbnail.jpg","canada-billiard/originals/heritage.jpg","canada-billiard/normalized-1600x1000/heritage.png"
"canada-billiard","Ideal","https://fgbradleys.com/canada-billiard/#ideal","https://fgbradleys.com/wp-content/uploads/Ideal-thumbnailXL.jpg","canada-billiard/originals/ideal.jpg","canada-billiard/normalized-1600x1000/ideal.png"
"canada-billiard","Industria","https://fgbradleys.com/canada-billiard/#industria","https://fgbradleys.com/wp-content/uploads/Industria_XLthumbnail.jpg","canada-billiard/originals/industria.jpg","canada-billiard/normalized-1600x1000/industria.png"
"canada-billiard","invitation","https://fgbradleys.com/canada-billiard/#invitation","https://fgbradleys.com/wp-content/uploads/invitation_XLthumbnail.jpg","canada-billiard/originals/invitation.jpg","canada-billiard/normalized-1600x1000/invitation.png"
"canada-billiard","La Condo","https://fgbradleys.com/canada-billiard/#la-condo","https://fgbradleys.com/wp-content/uploads/LaCondo_XLthumbnail.jpg","canada-billiard/originals/la-condo.jpg","canada-billiard/normalized-1600x1000/la-condo.png"
"canada-billiard","La Condo Stainless","https://fgbradleys.com/canada-billiard/#la-condo-stainless","https://fgbradleys.com/wp-content/uploads/LaCondoStainless_XLthumbnail.jpg","canada-billiard/originals/la-condo-stainless.jpg","canada-billiard/normalized-1600x1000/la-condo-stainless.png"
"canada-billiard","Lacondo Duo","https://fgbradleys.com/canada-billiard/#lacondo-duo","https://fgbradleys.com/wp-content/uploads/LacondoDuo_XLthumbnail.jpg","canada-billiard/originals/lacondo-duo.jpg","canada-billiard/normalized-1600x1000/lacondo-duo.png"
"canada-billiard","laforge","https://fgbradleys.com/canada-billiard/#laforge","https://fgbradleys.com/wp-content/uploads/laforge_XLthumbnail.jpg","canada-billiard/originals/laforge.jpg","canada-billiard/normalized-1600x1000/laforge.png"
"canada-billiard","Loft","https://fgbradleys.com/canada-billiard/#loft","https://fgbradleys.com/wp-content/uploads/Loft_XLthumbnail.jpg","canada-billiard/originals/loft.jpg","canada-billiard/normalized-1600x1000/loft.png"
"canada-billiard","lotus","https://fgbradleys.com/canada-billiard/#lotus","https://fgbradleys.com/wp-content/uploads/lotus_XLthumbnail.jpg","canada-billiard/originals/lotus.jpg","canada-billiard/normalized-1600x1000/lotus.png"
"canada-billiard","lounge","https://fgbradleys.com/canada-billiard/#lounge","https://fgbradleys.com/wp-content/uploads/lounge_XLthumbnail.jpg","canada-billiard/originals/lounge.jpg","canada-billiard/normalized-1600x1000/lounge.png"
"canada-billiard","Luxx","https://fgbradleys.com/canada-billiard/#luxx","https://fgbradleys.com/wp-content/uploads/Luxx_XLthumbnail.jpg","canada-billiard/originals/luxx.jpg","canada-billiard/normalized-1600x1000/luxx.png"
"canada-billiard","Majesty","https://fgbradleys.com/canada-billiard/#majesty","https://fgbradleys.com/wp-content/uploads/Majesty_XLthumbnail.jpg","canada-billiard/originals/majesty.jpg","canada-billiard/normalized-1600x1000/majesty.png"
"canada-billiard","Maze","https://fgbradleys.com/canada-billiard/#maze","https://fgbradleys.com/wp-content/uploads/Maze_XLthumbnail.jpg","canada-billiard/originals/maze.jpg","canada-billiard/normalized-1600x1000/maze.png"
"canada-billiard","monarch","https://fgbradleys.com/canada-billiard/#monarch","https://fgbradleys.com/wp-content/uploads/monarch_XLthumbnail.jpg","canada-billiard/originals/monarch.jpg","canada-billiard/normalized-1600x1000/monarch.png"
"canada-billiard","mystere","https://fgbradleys.com/canada-billiard/#mystere","https://fgbradleys.com/wp-content/uploads/mystere_XLthumbnail.jpg","canada-billiard/originals/mystere.jpg","canada-billiard/normalized-1600x1000/mystere.png"
"canada-billiard","Obsession","https://fgbradleys.com/canada-billiard/#obsession","https://fgbradleys.com/wp-content/uploads/Obsession_XLthumbnail.jpg","canada-billiard/originals/obsession.jpg","canada-billiard/normalized-1600x1000/obsession.png"
"canada-billiard","Onyx","https://fgbradleys.com/canada-billiard/#onyx","https://fgbradleys.com/wp-content/uploads/Onyx_XLthumbnail.jpg","canada-billiard/originals/onyx.jpg","canada-billiard/normalized-1600x1000/onyx.png"
"canada-billiard","Orlando","https://fgbradleys.com/canada-billiard/#orlando","https://fgbradleys.com/wp-content/uploads/Orlando_XLthumbnail.jpg","canada-billiard/originals/orlando.jpg","canada-billiard/normalized-1600x1000/orlando.png"
"canada-billiard","pacific","https://fgbradleys.com/canada-billiard/#pacific","https://fgbradleys.com/wp-content/uploads/pacific_XLthumbnail.jpg","canada-billiard/originals/pacific.jpg","canada-billiard/normalized-1600x1000/pacific.png"
"canada-billiard","prestige","https://fgbradleys.com/canada-billiard/#prestige","https://fgbradleys.com/wp-content/uploads/prestige_XLthumbnail.jpg","canada-billiard/originals/prestige.jpg","canada-billiard/normalized-1600x1000/prestige.png"
"canada-billiard","Queen Ann II","https://fgbradleys.com/canada-billiard/#queen-ann-ii","https://fgbradleys.com/wp-content/uploads/QueenAnnII_XLthumbnail.jpg","canada-billiard/originals/queen-ann-ii.jpg","canada-billiard/normalized-1600x1000/queen-ann-ii.png"
"canada-billiard","Ranch","https://fgbradleys.com/canada-billiard/#ranch","https://fgbradleys.com/wp-content/uploads/Ranch_XLthumbnail.jpg","canada-billiard/originals/ranch.jpg","canada-billiard/normalized-1600x1000/ranch.png"
"canada-billiard","Rebel Snooker","https://fgbradleys.com/canada-billiard/#rebel-snooker","https://fgbradleys.com/wp-content/uploads/RebelSnooker_XLthumbnail.jpg","canada-billiard/originals/rebel-snooker.jpg","canada-billiard/normalized-1600x1000/rebel-snooker.png"
"canada-billiard","Regance","https://fgbradleys.com/canada-billiard/#regance","https://fgbradleys.com/wp-content/uploads/Regance_XLthumbnail.jpg","canada-billiard/originals/regance.jpg","canada-billiard/normalized-1600x1000/regance.png"
"canada-billiard","Revolution","https://fgbradleys.com/canada-billiard/#revolution","https://fgbradleys.com/wp-content/uploads/Revolution_XLthumbnail.jpg","canada-billiard/originals/revolution.jpg","canada-billiard/normalized-1600x1000/revolution.png"
"canada-billiard","Shack","https://fgbradleys.com/canada-billiard/#shack","https://fgbradleys.com/wp-content/uploads/Shack_XLthumbnail.jpg","canada-billiard/originals/shack.jpg","canada-billiard/normalized-1600x1000/shack.png"
"canada-billiard","Special Anniversary","https://fgbradleys.com/canada-billiard/#special-anniversary","https://fgbradleys.com/wp-content/uploads/SpecialAnniversary_XLthumbnail.jpg","canada-billiard/originals/special-anniversary.jpg","canada-billiard/normalized-1600x1000/special-anniversary.png"
"canada-billiard","Storm","https://fgbradleys.com/canada-billiard/#storm","https://fgbradleys.com/wp-content/uploads/Storm_XLthumbnail.jpg","canada-billiard/originals/storm.jpg","canada-billiard/normalized-1600x1000/storm.png"
"canada-billiard","supreme","https://fgbradleys.com/canada-billiard/#supreme","https://fgbradleys.com/wp-content/uploads/supreme_XLthumbnail.jpg","canada-billiard/originals/supreme.jpg","canada-billiard/normalized-1600x1000/supreme.png"
"canada-billiard","tendance","https://fgbradleys.com/canada-billiard/#tendance","https://fgbradleys.com/wp-content/uploads/tendance_XLthumbnail.jpg","canada-billiard/originals/tendance.jpg","canada-billiard/normalized-1600x1000/tendance.png"
"canada-billiard","tentation","https://fgbradleys.com/canada-billiard/#tentation","https://fgbradleys.com/wp-content/uploads/tentation_XLthumbnail.jpg","canada-billiard/originals/tentation.jpg","canada-billiard/normalized-1600x1000/tentation.png"
"canada-billiard","Touch","https://fgbradleys.com/canada-billiard/#touch","https://fgbradleys.com/wp-content/uploads/Touch_XLthumbnail.jpg","canada-billiard/originals/touch.jpg","canada-billiard/normalized-1600x1000/touch.png"
"canada-billiard","Track","https://fgbradleys.com/canada-billiard/#track","https://fgbradleys.com/wp-content/uploads/Track_XLthumbnail.jpg","canada-billiard/originals/track.jpg","canada-billiard/normalized-1600x1000/track.png"
"canada-billiard","venus","https://fgbradleys.com/canada-billiard/#venus","https://fgbradleys.com/wp-content/uploads/venus_XLthumbnail.jpg","canada-billiard/originals/venus.jpg","canada-billiard/normalized-1600x1000/venus.png"
"canada-billiard","Xtreme","https://fgbradleys.com/canada-billiard/#xtreme","https://fgbradleys.com/wp-content/uploads/Xtreme_XLthumbnail.jpg","canada-billiard/originals/xtreme.jpg","canada-billiard/normalized-1600x1000/xtreme.png"
